epoch,train_loss,val_loss,lr
1,0.7204528816044331,0.8725079655647278,3.2500000000000004e-05
